Everardo,Hilpert,Torp-Ledner
Name,Fisher,Daniel-Kris
Guy,Goodwin,Considine-White
Marcella,Purdy,Sporer Group
Carey,Hoppe,Mayer LLC
Mafalda,Kuhic,Bode Group
Mohammed,Hodkiewicz,Hammes Inc
Judson,Green,Aufderhar LLC
Clarissa,Lowe,"Little, Connelly and Heathcote"
Cora,Ledner,Hirthe Group
Niko,Friesen,Bosco-Sawayn
Woodrow,Hills,Wolf-Hudson
Hassie,Bartell,Kunde Group
Queenie,Ziemann,"Dooley, Mitchell and Welch"
Shaina,Cummings,"Sporer, Harvey and Rodriguez"
Laisha,Boyer,"Bailey, Swaniawski and Reichert"
Karley,Kertzmann,"Christiansen, Schumm and Bergstrom"
Fabian,Towne,"Jerde, Hudson and Langosh"
Nadia,Howe,Haag-Prosacco
Darien,Lindgren,"Cremin, Casper and Streich"
Mohammed,Schuster,Bruen Group
Torrance,Ferry,"Franecki, Casper and Lehner"
Bernita,Carroll,Auer-Maggio
Therese,Corwin,Boyle-Brekke
Verner,Hammes,Marvin-Johnson
Ozella,Powlowski,"Cronin, Yost and Fay"
Jabari,Beahan,Yundt-Veum
Pearline,Bahringer,Torp-Ledner
Hildegard,Muller,Daniel-Kris
Olin,McKenzie,Considine-White
Blake,Skiles,Sporer Group
Terrill,Cummings,Mayer LLC
Emely,Beer,Bode Group
Flavio,Price,Hammes Inc
Matt,Gerlach,Aufderhar LLC
Taryn,Botsford,"Little, Connelly and Heathcote"
Carmel,Grady,Hirthe Group
Garrick,Pollich,Bosco-Sawayn
Maurice,Nader,Wolf-Hudson
Sammie,Goldner,Kunde Group
Krista,Schaefer,"Dooley, Mitchell and Welch"
Leanne,Reinger,"Sporer, Harvey and Rodriguez"
Waldo,Effertz,"Bailey, Swaniawski and Reichert"
Frances,Donnelly,"Christiansen, Schumm and Bergstrom"
Agustina,Denesik,"Jerde, Hudson and Langosh"
Anibal,Stracke,Haag-Prosacco
Ottilie,Runolfsdottir,"Cremin, Casper and Streich"
Delia,Johnson,Bruen Group
Antwon,Kub,"Franecki, Casper and Lehner"
Ella,Hodkiewicz,Auer-Maggio
Dalton,Miller,Boyle-Brekke
Reuben,Kshlerin,Marvin-Johnson
Ramiro,Cremin,"Cronin, Yost and Fay"
Erwin,Stroman,Yundt-Veum
Emmett,Okuneva,Torp-Ledner
Jake,Tremblay,Daniel-Kris
Aliyah,Nicolas,Considine-White
Austen,Kozey,Sporer Group
Ed,O'Conner,Mayer LLC
Chet,Watsica,Bode Group
Erich,Swift,Hammes Inc
Henry,O'Conner,Aufderhar LLC
Shea,Marvin,"Little, Connelly and Heathcote"
Kattie,Strosin,Hirthe Group
Katelin,Langworth,Bosco-Sawayn
Mervin,Ruecker,Wolf-Hudson
Casimir,Kautzer,Kunde Group
Shanna,Rempel,"Dooley, Mitchell and Welch"
Madyson,Reinger,"Sporer, Harvey and Rodriguez"
Dixie,Deckow,"Bailey, Swaniawski and Reichert"
Sigmund,Wilkinson,"Christiansen, Schumm and Bergstrom"
Markus,Boehm,"Jerde, Hudson and Langosh"
Karen,O'Connell,Haag-Prosacco
Sanford,Howe,"Cremin, Casper and Streich"
Everett,Parisian,Bruen Group
Rickie,Tillman,"Franecki, Casper and Lehner"
Jettie,Leffler,Auer-Maggio
Kade,Zieme,Boyle-Brekke
Maurice,Blick,Marvin-Johnson
Delaney,Wolff,"Cronin, Yost and Fay"
Madalyn,Russel,Yundt-Veum
Emory,Frami,Torp-Ledner
Sherman,Cronin,Daniel-Kris
Fausto,Mann,Considine-White
Tremayne,Sanford,Sporer Group
Laura,Fadel,Mayer LLC
Winfield,Reichert,Bode Group
Angeline,Howe,Hammes Inc
Marlee,Torp,Aufderhar LLC
Ellsworth,Zboncak,"Little, Connelly and Heathcote"
Pansy,Hammes,Hirthe Group
Julie,Price,Bosco-Sawayn
Rhea,O'Keefe,Wolf-Hudson
Missouri,Cole,Kunde Group
Linda,Orn,"Dooley, Mitchell and Welch"
Luther,Renner,"Sporer, Harvey and Rodriguez"
Lori,Eichmann,"Bailey, Swaniawski and Reichert"
Pauline,Bashirian,"Christiansen, Schumm and Bergstrom"
Jovani,Schoen,"Jerde, Hudson and Langosh"
Era,Windler,Haag-Prosacco
Selena,Torp,"Cremin, Casper and Streich"
Jayden,O'Keefe,Bruen Group
Elenora,Kohler,"Franecki, Casper and Lehner"
Orlo,Hodkiewicz,Auer-Maggio
Stone,Jacobs,Boyle-Brekke
Mikel,Howell,Marvin-Johnson
Isom,Beatty,"Cronin, Yost and Fay"
Rosalind,Wyman,Yundt-Veum
Roger,Frami,Torp-Ledner
Melyna,Bradtke,Daniel-Kris
Annamae,Cummings,Considine-White
Isadore,Deckow,Sporer Group
Torey,Rutherford,Mayer LLC
Dolly,Jones,Bode Group
Katelin,Kling,Hammes Inc
Ralph,Halvorson,Aufderhar LLC
Sylvia,Kilback,"Little, Connelly and Heathcote"
Valentina,Gibson,Hirthe Group
Zoey,Parker,Bosco-Sawayn
Kenyatta,Macejkovic,Wolf-Hudson
Adolf,Heathcote,Kunde Group
Tommie,Schultz,"Dooley, Mitchell and Welch"
Ethel,Paucek,"Sporer, Harvey and Rodriguez"
Samantha,Schinner,"Bailey, Swaniawski and Reichert"
Josefa,Collins,"Christiansen, Schumm and Bergstrom"
Demario,Cummerata,"Jerde, Hudson and Langosh"
Makayla,Ziemann,Haag-Prosacco
Brady,Lindgren,"Cremin, Casper and Streich"
Emiliano,Marks,Bruen Group
Rachel,Treutel,"Franecki, Casper and Lehner"
Geo,Abbott,Auer-Maggio
Anna,Gorczany,Boyle-Brekke
Silas,Erdman,Marvin-Johnson
Clotilde,Wisozk,"Cronin, Yost and Fay"
Felicity,Wilkinson,Yundt-Veum
Larry,Ryan,Torp-Ledner
Aubrey,Pfeffer,Daniel-Kris
Leif,Dickinson,Considine-White
Samantha,Huel,Sporer Group
Terrell,Medhurst,Mayer LLC
Gracie,VonRueden,Bode Group
Porter,Pacocha,Hammes Inc
Jensen,Cole,Aufderhar LLC
Isaias,Beier,"Little, Connelly and Heathcote"
Graham,Crooks,Hirthe Group
Merl,Ebert,Bosco-Sawayn
Bert,Kutch,Wolf-Hudson
Lowell,Bauch,Kunde Group
Malinda,Willms,"Dooley, Mitchell and Welch"
Courtney,White,"Sporer, Harvey and Rodriguez"
Daren,Herman,"Bailey, Swaniawski and Reichert"
Lindsay,Bailey,"Christiansen, Schumm and Bergstrom"
Nikki,Wiegand,"Jerde, Hudson and Langosh"
Berneice,Murphy,Haag-Prosacco
Jess,Bernhard,"Cremin, Casper and Streich"
Tevin,Beatty,Bruen Group
Ashtyn,Langosh,"Franecki, Casper and Lehner"
Claudine,D'Amore,Auer-Maggio
Ezequiel,Hermiston,Boyle-Brekke
Ardella,Cruickshank,Marvin-Johnson
Scotty,Schiller,"Cronin, Yost and Fay"
Dariana,Wintheiser,Yundt-Veum
Karson,Kreiger,Torp-Ledner
Jules,Hettinger,Daniel-Kris
Abby,Lindgren,Considine-White
Jennings,Rempel,Sporer Group
Brycen,Jast,Mayer LLC
Ernestina,Orn,Bode Group
Jacklyn,Adams,Hammes Inc
Jaunita,Goodwin,Aufderhar LLC
Douglas,Howe,"Little, Connelly and Heathcote"
Mariah,Maggio,Hirthe Group
Rosamond,Hirthe,Bosco-Sawayn
Melba,Mohr,Wolf-Hudson
Jamil,Collier,Kunde Group
Lesley,Wiegand,"Dooley, Mitchell and Welch"
Gussie,Ferry,"Sporer, Harvey and Rodriguez"
Roxanne,Prohaska,"Bailey, Swaniawski and Reichert"
Demond,Veum,"Christiansen, Schumm and Bergstrom"
Luella,Torphy,"Jerde, Hudson and Langosh"
Ervin,Breitenberg,Haag-Prosacco
Betsy,Hayes,"Cremin, Casper and Streich"
Ivah,Rath,Bruen Group
Bettie,Rau,"Franecki, Casper and Lehner"
Ruby,Yundt,Auer-Maggio
Malvina,Orn,Boyle-Brekke
Annamae,Schoen,Marvin-Johnson
Margarete,Maggio,"Cronin, Yost and Fay"
Marcus,Sauer,Yundt-Veum
Emmet,Dooley,Torp-Ledner
Jayden,Zieme,Daniel-Kris
Otha,Luettgen,Considine-White
Gerald,Rogahn,Sporer Group
Jada,Deckow,Mayer LLC
Zula,Steuber,Bode Group
Elijah,Hayes,Hammes Inc
Santina,Homenick,Aufderhar LLC
Matteo,Torp,"Little, Connelly and Heathcote"
Andreanne,Quigley,Hirthe Group
Richie,Kshlerin,Bosco-Sawayn
Alta,Pollich,Wolf-Hudson
Abraham,West,Kunde Group
Clyde,Hagenes,"Dooley, Mitchell and Welch"
D'angelo,Koss,"Sporer, Harvey and Rodriguez"
Conrad,Vandervort,"Bailey, Swaniawski and Reichert"
Kristofer,Wisozk,"Christiansen, Schumm and Bergstrom"
Maritza,Rolfson,"Jerde, Hudson and Langosh"
Sylvester,Farrell,Haag-Prosacco
Benton,Kemmer,"Cremin, Casper and Streich"
Candido,Renner,Bruen Group
Lavinia,Greenholt,"Franecki, Casper and Lehner"
Dante,Shanahan,Auer-Maggio
Mathias,Fadel,Boyle-Brekke
Margret,Waelchi,Marvin-Johnson
Elta,O'Conner,"Cronin, Yost and Fay"
Rosemarie,Powlowski,Yundt-Veum
Justice,Roberts,Torp-Ledner
Clovis,Emmerich,Daniel-Kris
Pinkie,Gutkowski,Considine-White
Gwen,Christiansen,Sporer Group
Larry,Mosciski,Mayer LLC
Jovani,Farrell,Bode Group
Antonetta,Spencer,Hammes Inc
Reta,Cartwright,Aufderhar LLC
Orrin,D'Amore,"Little, Connelly and Heathcote"
Caterina,Dicki,Hirthe Group
Stevie,Harber,Bosco-Sawayn
Aliya,Schamberger,Wolf-Hudson
Franz,Anderson,Kunde Group
Morris,Yundt,"Dooley, Mitchell and Welch"
Sandrine,Reynolds,"Sporer, Harvey and Rodriguez"
Reynold,Farrell,"Bailey, Swaniawski and Reichert"
Alena,Hahn,"Christiansen, Schumm and Bergstrom"
Alden,Bruen,"Jerde, Hudson and Langosh"
Lawson,Bode,Haag-Prosacco
Amparo,Stamm,"Cremin, Casper and Streich"
Paige,Rath,Bruen Group
Bridget,Fahey,"Franecki, Casper and Lehner"
Della,Koss,Auer-Maggio
Lennie,Marquardt,Boyle-Brekke
Golda,Beahan,Marvin-Johnson
Jettie,Kihn,"Cronin, Yost and Fay"
Hassan,Friesen,Yundt-Veum
Thurman,Rau,Torp-Ledner
Libbie,Erdman,Daniel-Kris
Tyrel,Ebert,Considine-White
Marjory,Mitchell,Sporer Group
Jamie,Auer,Mayer LLC
Brandi,Purdy,Bode Group
Eldred,Hettinger,Hammes Inc
Elijah,Dooley,Aufderhar LLC
Nicholaus,Kerluke,"Little, Connelly and Heathcote"
Oma,Gerhold,Hirthe Group
Casey,Lebsack,Bosco-Sawayn
Anissa,Ankunding,Wolf-Hudson
Darron,Sporer,Kunde Group
Roscoe,Howe,"Dooley, Mitchell and Welch"
Dayne,Gleichner,"Sporer, Harvey and Rodriguez"
Clarissa,Paucek,"Bailey, Swaniawski and Reichert"
May,Shanahan,"Christiansen, Schumm and Bergstrom"
Freeda,Kertzmann,"Jerde, Hudson and Langosh"
Myrtice,Bailey,Haag-Prosacco
Alia,Littel,"Cremin, Casper and Streich"
Brooke,Bergnaum,Bruen Group
Aaron,Koss,"Franecki, Casper and Lehner"
Mabelle,King,Auer-Maggio
Christine,Wuckert,Boyle-Brekke
Jamil,Lockman,Marvin-Johnson
Robert,Kuhlman,"Cronin, Yost and Fay"
Vernice,Ritchie,Yundt-Veum
Florian,Hoppe,Torp-Ledner
Albina,Lubowitz,Daniel-Kris
Mariane,Gleason,Considine-White
Alexis,Greenholt,Sporer Group
Marques,Schumm,Mayer LLC
Ezra,Krajcik,Bode Group
Raoul,Sporer,Hammes Inc
Elise,Herman,Aufderhar LLC
Rosalyn,Paucek,"Little, Connelly and Heathcote"
Darren,Purdy,Hirthe Group
Ahmad,Jast,Bosco-Sawayn
Adrianna,Schultz,Wolf-Hudson
Micaela,Gorczany,Kunde Group
Shaniya,D'Amore,"Dooley, Mitchell and Welch"
Stephania,Kutch,"Sporer, Harvey and Rodriguez"
Kristoffer,McCullough,"Bailey, Swaniawski and Reichert"
Milan,Macejkovic,"Christiansen, Schumm and Bergstrom"
Adeline,Labadie,"Jerde, Hudson and Langosh"
Patrick,Farrell,Haag-Prosacco
Luigi,Tillman,"Cremin, Casper and Streich"
Vivien,Durgan,Bruen Group
Fredrick,Kuhn,"Franecki, Casper and Lehner"
Patience,Mann,Auer-Maggio
Abdullah,Ondricka,Boyle-Brekke
Markus,Koepp,Marvin-Johnson
Vincenza,Volkman,"Cronin, Yost and Fay"
Juliana,Will,Yundt-Veum
Makayla,Reynolds,Torp-Ledner
Kennedy,Tillman,Daniel-Kris
Guido,Schoen,Considine-White
Addie,Haley,Sporer Group
Dortha,Smith,Mayer LLC
Shaniya,Gaylord,Bode Group
Zoey,Hand,Hammes Inc
Alexzander,Schiller,Aufderhar LLC
Mckayla,Veum,"Little, Connelly and Heathcote"
Reyes,Hoeger,Hirthe Group
Nora,Block,Bosco-Sawayn
Curtis,Kemmer,Wolf-Hudson
Sigurd,Stokes,Kunde Group
Verlie,Leannon,"Dooley, Mitchell and Welch"
Shanon,Nader,"Sporer, Harvey and Rodriguez"
Tressie,Gusikowski,"Bailey, Swaniawski and Reichert"
Cary,Flatley,"Christiansen, Schumm and Bergstrom"
Olen,Rice,"Jerde, Hudson and Langosh"
Oliver,Schumm,Haag-Prosacco
Hanna,Towne,"Cremin, Casper and Streich"
Loren,Conn,Bruen Group
Asia,Kuhic,"Franecki, Casper and Lehner"
Brad,McCullough,Auer-Maggio
Linnea,Leuschke,Boyle-Brekke
Conor,Schiller,Marvin-Johnson
Baylee,Klocko,"Cronin, Yost and Fay"
Ernestine,Wiza,Yundt-Veum
Ike,Orn,Torp-Ledner
Alicia,Sawayn,Daniel-Kris
Keyon,Herzog,Considine-White
Horacio,Rice,Sporer Group
Lupe,Mertz,Mayer LLC
Cecile,Schamberger,Bode Group
Angela,Lockman,Hammes Inc
Bret,Medhurst,Aufderhar LLC
Theron,Wolf,"Little, Connelly and Heathcote"
Alda,Walsh,Hirthe Group
Amalia,Weimann,Bosco-Sawayn
Rosa,Okuneva,Wolf-Hudson
Walton,Christiansen,Kunde Group
Asha,Wuckert,"Dooley, Mitchell and Welch"
Zion,Paucek,"Sporer, Harvey and Rodriguez"
Augusta,Jaskolski,"Bailey, Swaniawski and Reichert"
Josefina,Dickens,"Christiansen, Schumm and Bergstrom"
Charlie,Murray,"Jerde, Hudson and Langosh"
Annabelle,O'Hara,Haag-Prosacco
Connie,Buckridge,"Cremin, Casper and Streich"
Mona,Smith,Bruen Group
Simeon,Weber,"Franecki, Casper and Lehner"
Demarcus,Ritchie,Auer-Maggio
Earlene,Stoltenberg,Boyle-Brekke
Enrico,Murphy,Marvin-Johnson
Mina,Barrows,"Cronin, Yost and Fay"
